"","Lab_ID","ID","time","Amt.N","Amt.C","sample.mass","d15N","d13C","per.N","per.C"
"1","BVR-YLP-09","yp_01",0,0.060761673,0.199793089,0.444,9.9072,-28.1576862,0.136850614,0.449984436
"2","BVR-YLP-09","yp_01",3,0.073848405,0.205611825,0.429,10.08972727,-28.10016321,0.172140804,0.479281644
"3","BVR-YLP-09","yp_01",6,NA,NA,0.453,10.44,-28.32,15,46.07
"4","BVR-YLP-09","yp_01",9,NA,NA,0.46,10.47,-28.19,15.61,47.81
"5","BVR-YLP-10","yp_02",0,0.061301882489486,0.20237594535603,0.455,9.97809090909091,-28.0303136437665,0.134729412064804,0.44478229748578
"6","BVR-YLP-10","yp_02",3,0.076307862,0.210681277,0.444,10.57172727,-27.83086119,0.171864555,0.474507381
"7","BVR-YLP-10","yp_02",6,NA,NA,0.443,10.22,-27.98,11.95,36.7
"8","BVR-YLP-10","yp_02",9,NA,NA,0.441,10.06,-27.75,15.43,47.06
"9","BVR-YLP-07","yp_04",0,0.0616963677084129,0.199694792066479,0.454,9.82136363636364,-27.4493420209632,0.135895083058178,0.439856370190482
"10","BVR-YLP-07","yp_04",3,0.076855258,0.211993795,0.445,10.23972727,-27.67660641,0.172708445,0.476390551
"11","BVR-YLP-07","yp_04",6,NA,NA,0.437,10.63,-27.38,15.25,47.03
"12","BVR-YLP-07","yp_04",9,NA,NA,0.438,10.25,-27.43,15.71,47.76
"13","BVR-YLP-06","yp_05",0,0.0613206761187686,0.203623642290398,0.45,11.0703636363636,-29.7120948915656,0.136268169152819,0.452496982867551
"14","BVR-YLP-06","yp_05",3,0.079344216,0.217149257,0.469,11.47372727,-29.77535359,0.169177433,0.463004813
"15","BVR-YLP-06","yp_05",6,NA,NA,0.46,11.22,-29.57,14.12,43.21
"16","BVR-YLP-06","yp_05",9,NA,NA,0.46,11.34,-29.53,10.58,32.13
"17","BVR-YLP-05","yp_06",0,0.0627826257452541,0.201471537245661,0.447,9.70872727272727,-28.1694963095569,0.140453301443522,0.450719322697227
"18","BVR-YLP-05","yp_06",3,0.078556447,0.215176179,0.468,10.34172727,-28.22752206,0.167855655,0.459778161
"19","BVR-YLP-05","yp_06",6,NA,NA,0.44,10.18,-28.08,15.17,46.89
"20","BVR-YLP-05","yp_06",9,NA,NA,0.449,10.33,-28.37,15.28,46.63
"21","BVR-YLP-12","yp_07",0,0.059588697,0.196977199,0.441,9.2532,-27.80696073,0.135121762,0.446660315
"22","BVR-YLP-12","yp_08",3,0.069682296,0.192006704,0.443,9.739727273,-27.82502097,0.157296379,0.43342371
"23","BVR-YLP-12","yp_09",6,NA,NA,0.442,11.59,-22.52,8.17,24.54
"24","BVR-YLP-12","yp_07",9,NA,NA,0.443,9.96,-27.69,15.61,47.34
"25","BVR-YLP-11","yp_08",0,0.0628513901470873,0.200660683642544,0.45,9.95009090909091,-29.9004181706709,0.139669755882416,0.445912630316764
"26","BVR-YLP-11","yp_08",3,0.071633691,0.196694269,0.438,10.33572727,-30.05208696,0.16354724,0.449073674
"27","BVR-YLP-11","yp_08",6,NA,NA,0.443,10.44,-29.83,13.82,41.57
"28","BVR-YLP-11","yp_08",9,NA,NA,0.46,10.36,-29.55,15.44,47.17
"29","PNE-YLP-09","yp_09",0,0.0664387948173998,0.224979792220141,0.474,11.477875,-22.8476487570705,0.140166233791983,0.474640911856837
"30","PNE-YLP-09","yp_09",3,0.065327914,0.205315666,0.458,11.47154545,-22.54147435,0.142637366,0.44828748
"31","PNE-YLP-09","yp_09",6,NA,NA,0.442,11.59,-22.52,8.17,24.54
"32","PNE-YLP-09","yp_09",9,NA,NA,0.457,11.71,-22.79,15.4,46.81
"33","PNE-YLP-06","yp_10",0,0.0648165331915265,0.207908917276056,0.456,10.850875,-24.0743747304196,0.142141520156856,0.455940608061527
"34","PNE-YLP-06","yp_10",3,0.065633757,0.204461076,0.471,11.08954545,-23.58242491,0.139349802,0.434099949
"35","PNE-YLP-06","yp_10",6,NA,NA,0.443,11.11,-23.74,15,45.33
"36","PNE-YLP-06","yp_10",9,NA,NA,0.437,11.09,-23.9,15.25,46.16
"37","PNE-YLP-03","yp_11",0,0.0607436652089997,0.197372155900101,0.468,10.75525,-26.1016519613844,0.129794156429487,0.421735375854916
"38","PNE-YLP-03","yp_11",3,0.066726445,0.210250585,0.465,11.41754545,-25.74679118,0.143497731,0.452151796
"39","PNE-YLP-03","yp_11",6,NA,NA,0.453,11.34,-25.79,15.04,45.05
"40","PNE-YLP-03","yp_11",9,NA,NA,0.453,11.67,-25.71,12.48,37.35
"41","PNE-YLP-04","yp_12",0,0.0641189471430604,0.210234895919596,0.457,11.203375,-25.9661317814809,0.140304041888535,0.460032595010056
"42","PNE-YLP-04","yp_12",3,0.058107414,0.184089273,0.42,11.54654545,-25.06205984,0.138350986,0.438307793
"43","PNE-YLP-04","yp_12",6,NA,NA,0.46,11.8,-25.4,15.32,46.51
"44","PNE-YLP-04","yp_12",9,NA,NA,0.457,10.87,-25.11,14.78,44.16
"45","PNE-YLP-08","yp_13",0,0.0632782289154841,0.205214732383408,0.447,11.105875,-25.29716218091,0.141562033367973,0.459093361036706
"46","PNE-YLP-08","yp_13",3,0.07228978,0.224431357,0.485,11.24054545,-25.31879339,0.149051094,0.462745065
"47","PNE-YLP-08","yp_13",6,NA,NA,0.455,11.41,-25.37,15.42,46.42
"48","PNE-YLP-08","yp_13",9,NA,NA,0.445,11.55,-25.24,15.78,47.75
"49","PNE-YLP-07","yp_14",0,0.0603564506900141,0.199574785488258,0.454,11.36325,-25.1369719395412,0.132943723986815,0.439592038520392
"50","PNE-YLP-07","yp_14",3,0.069966877,0.218108746,0.475,11.80154545,-24.88573547,0.147298689,0.459176307
"51","PNE-YLP-07","yp_14",6,NA,NA,0.453,11.57,-25.41,13.4,40.65
"52","PNE-YLP-07","yp_14",9,NA,NA,0.448,11.68,-24.91,15.77,47.91
"53","PNE-YLP-05","yp_15",0,0.0603327424385217,0.198339194422637,0.428,10.8344175374081,-23.9493913613768,0.140964351491873,0.463409332763171
"54","PNE-YLP-05","yp_15",3,0.06409633,0.202821077,0.464,11.09054545,-23.48096403,0.138138643,0.437114389
"55","PNE-YLP-05","yp_15",6,NA,NA,0.444,10.95,-23.7,14.96,45.73
"56","PNE-YLP-05","yp_15",9,NA,NA,0.465,11.26,-23.54,10.72,32.32
"57","PNE-YLP-10","yp_16",0,0.0615455534658207,0.202213063493216,0.443,11.99725,-26.7004544228141,0.138929014595532,0.456462897275883
"58","PNE-YLP-10","yp_16",3,0.064350858,0.202312392,0.452,12.21754545,-26.77042554,0.142369154,0.447593787
"59","PNE-YLP-10","yp_16",6,NA,NA,0.44,12.61,-26.62,15.36,46.8
"60","PNE-YLP-10","yp_16",9,NA,NA,0.453,12.14,-26.54,15.08,45.81
"61","PNE-YLP-11","yp_17",0,0.0618310597034899,0.210589718088952,0.449,11.50425,-25.5424163355929,0.137708373504432,0.46901941667918
"62","PNE-YLP-11","yp_17",3,0.068432872,0.214915563,0.471,11.32854545,-25.5516124,0.145292722,0.456296311
"63","PNE-YLP-11","yp_17",6,NA,NA,0.462,11.72,-25.53,15.45,46.95
"64","PNE-YLP-11","yp_17",9,NA,NA,0.436,11.41,-24.84,11.82,35.72
"65","PNE-YLP-12","yp_18",0,0.063131326086176,0.206314870012194,0.462,11.2808287725082,-25.103632282082,0.13664789196142,0.446568982710377
"66","PNE-YLP-12","yp_18",3,0.063659118,0.2013425,0.434,11.88954545,-24.42550071,0.146679996,0.463922811
"67","PNE-YLP-12","yp_18",6,NA,NA,0.445,11.1,-23.41,15.66,47.51
"68","PNE-YLP-12","yp_18",9,NA,NA,NA,NA,NA,NA,NA
"69","PNE-YLP-01","yp_19",0,0.0649147494486253,0.215774081514435,0.457,11.178875,-24.3993976663018,0.142045403607495,0.472153351235086
"70","PNE-YLP-01","yp_19",3,0.063139116,0.199014759,0.454,11.44854545,-24.05454773,0.139072944,0.4383585
"71","PNE-YLP-01","yp_19",6,NA,NA,0.443,11.44,-24.44,15.13,45.87
"72","PNE-YLP-01","yp_19",9,NA,NA,0.457,11.7,-24.36,15.75,47.67
"73","PNE-YLP-02","yp_20",0,0.0640543096672155,0.204699218051093,0.45,10.756125,-22.8127997167099,0.14234291037159,0.454887151224652
"74","PNE-YLP-02","yp_20",3,0.064669017,0.20611464,0.458,11.58754545,-22.78503188,0.141198726,0.450031965
"75","PNE-YLP-02","yp_20",6,NA,NA,0.44,11.46,-22.68,14.47,44.07
"76","PNE-YLP-02","yp_20",9,NA,NA,0.445,11.27,-22.62,14.74,44.66
"77","STR-LMB-01","lmb_01",0,0.0601878573761779,0.194369824244041,0.444,14.4650909090909,-27.535882837655,0.135558237333734,0.437769874423516
"78","STR-LMB-01","lmb_01",3,0.067906028,0.210266863,0.468,14.56254545,-26.02050637,0.14509835,0.449288169
"79","STR-LMB-01","lmb_01",6,NA,NA,0.459,15.02,-25.93,12.97,38.8
"80","STR-LMB-01","lmb_01",9,NA,NA,0.463,14.9,-27.41,15.65,50.5
"81","WLD-LMB-07","lmb_02",0,0.0626579462869255,0.214572407675236,0.455,14.46825,-30.5482521152298,0.137709772059177,0.471587709176342
"82","WLD-LMB-07","lmb_02",3,0.06660055,0.217290781,0.478,14.48554545,-30.55142552,0.139331694,0.454583223
"83","WLD-LMB-07","lmb_02",6,NA,NA,0.458,14.67,-29.86,14.71,45.28
"84","WLD-LMB-07","lmb_02",9,NA,NA,0.448,14.85,-30.58,15.71,50.2
"85","WLD-LMB-08","lmb_03",0,0.065392061467476,0.216088029522249,0.466,14.598875,-29.444361470017,0.140326312161966,0.463708217858904
"86","WLD-LMB-08","lmb_03",3,0.065462019,0.20674134,0.455,14.79754545,-29.33103319,0.14387257,0.45437657
"87","WLD-LMB-08","lmb_03",6,NA,NA,0.456,14.92,-28.9,14.7,45.21
"88","WLD-LMB-08","lmb_03",9,NA,NA,0.455,15.08,-29.73,15.82,50.14
"89","WLD-LMB-12","lmb_04",0,0.0613728680115935,0.210085352274876,0.442,14.729875,-30.2801808661418,0.138852642560166,0.475306226866236
"90","WLD-LMB-12","lmb_04",3,0.067232762,0.217290781,0.484,15.07254545,-30.41662815,0.138910666,0.448947894
"91","WLD-LMB-12","lmb_04",6,NA,NA,0.454,15.23,-29.86,14.75,45.48
"92","WLD-LMB-12","lmb_04",9,NA,NA,0.445,15.12,-30.27,13.57,43.69
"93","WLD-LMB-11","lmb_05",0,0.0643824478967684,0.213618455294619,0.466,14.552875,-30.3410739589323,0.138159759435125,0.458408702348967
"94","WLD-LMB-11","lmb_05",3,0.061295162,0.191715473,0.432,14.63254545,-30.15203328,0.14188695,0.443785818
"95","WLD-LMB-11","lmb_05",6,NA,NA,0.46,14.82,-29.78,15.35,46.88
"96","WLD-LMB-11","lmb_05",9,NA,NA,0.434,14.87,-30.37,15.94,49.54
"97","WLD-LMB-04","lmb_06",0,0.0687583045363555,0.221810709412588,0.456,14.357125,-30.1618083913102,0.150785755562183,0.486426994325851
"98","WLD-LMB-04","lmb_06",3,0.060719055,0.194999541,0.453,14.82254545,-30.37181338,0.134037649,0.430462564
"99","WLD-LMB-04","lmb_06",6,NA,NA,0.446,14.68,-29.87,15.17,46.41
"100","WLD-LMB-04","lmb_06",9,NA,NA,0.463,14.85,-30.27,15.29,48.09
"101","WLD-LMB-09","lmb_07",0,0.0616529386883353,0.203487742477047,0.446,14.679375,-31.0868373275933,0.138235288538868,0.456250543670509
"102","WLD-LMB-09","lmb_07",3,0.068706557,0.219906098,0.486,15.14454545,-31.4038233,0.141371517,0.452481683
"103","WLD-LMB-09","lmb_07",6,NA,NA,0.455,14.9,-30.97,14.58,44.93
"104","WLD-LMB-09","lmb_07",9,NA,NA,0.443,14.86,-31.14,14.27,44.65
"105","WLD-LMB-10","lmb_08",0,0.0609828132234796,0.212123128373299,0.46,14.68725,-30.4738031726197,0.132571333094521,0.461137235594129
"106","WLD-LMB-10","lmb_08",3,0.064297489,0.201834907,0.439,14.61454545,-30.20912393,0.146463528,0.459760607
"107","WLD-LMB-10","lmb_08",6,NA,NA,0.443,15.01,-29.83,14.87,45.73
"108","WLD-LMB-10","lmb_08",9,NA,NA,0.462,15.06,-30.04,14.87,47.09
"109","WLD-LMB-05","lmb_09",0,0.0627499741870215,0.209848794834635,0.456,14.495375,-30.9081629346269,0.137609592515398,0.460194725514551
"110","WLD-LMB-05","lmb_10",3,0.067865659,0.221890646,0.488,14.58254545,-31.46712667,0.139068974,0.454693948
"111","WLD-LMB-05","lmb_11",6,NA,NA,0.459,17.32,-27.1,14.28,43.87
"112","WLD-LMB-05","lmb_09",9,NA,NA,0.46,14.85,-31.12,15.48,48.37
"113","WLD-LMB-06","lmb_10",0,0.0581880575244074,0.19407634361682,0.458,14.604375,-32.1449516567955,0.127048160533641,0.423747475145896
"114","WLD-LMB-06","lmb_10",3,0.068613504,0.214218326,0.47,14.82054545,-32.17407129,0.145986179,0.455783671
"115","WLD-LMB-06","lmb_10",6,NA,NA,0.452,15.03,-31.64,15.14,46.54
"116","WLD-LMB-06","lmb_10",9,NA,NA,0.471,14.88,-31.99,15.46,48.47
"117","MTA-LMB-01","lmb_11",0,0.0619411635870969,0.208640125826435,0.454,16.7843636363636,-27.4110155745719,0.136434281028848,0.459559748516378
"118","MTA-LMB-01","lmb_11",3,0.068192029,0.214450286,0.476,17.54454545,-27.51234538,0.143260565,0.45052581
"119","MTA-LMB-01","lmb_11",6,NA,NA,0.459,17.32,-27.1,14.28,43.87
"120","MTA-LMB-01","lmb_11",9,NA,NA,0.455,17.23,-27.53,14.76,45.23
"121","KTM-LMB-02","lmb_12",0,0.0633338126824978,0.208770743648137,0.457,14.911875,-25.6471826184495,0.138586023375269,0.456828760718024
"122","KTM-LMB-02","lmb_12",3,0.067290921,0.20873267,0.471,14.92354545,-25.46279355,0.142868197,0.443169151
"123","KTM-LMB-02","lmb_12",6,NA,NA,0.461,15.11,-25.13,15.49,46.59
"124","KTM-LMB-02","lmb_12",9,NA,NA,0.453,15.21,-25.66,15.3,46.52
"125","KTM-LMB-03","lmb_13",0,0.0631501151110257,0.216510207336903,0.464,16.173875,-26.6500993892546,0.136099386015142,0.466616826157118
"126","KTM-LMB-03","lmb_13",3,0.065680967,0.205002316,0.448,16.53054545,-26.06016149,0.146609302,0.457594456
"127","KTM-LMB-03","lmb_13",6,NA,NA,0.447,16.39,-25.8,13.18,39.81
"128","KTM-LMB-03","lmb_13",9,NA,NA,0.446,16.45,-26.31,14.52,44.17
"129","KTM-LMB-01","lmb_14",0,0.0643102836838675,0.210378292298913,0.464,16.955464709612,-24.9717195711235,0.13859974931868,0.453401492023519
"130","KTM-LMB-01","lmb_14",3,0.067412026,0.210668385,0.463,17.34754545,-24.97123596,0.145598329,0.455007311
"131","KTM-LMB-01","lmb_14",6,NA,NA,0.448,17.12,-24.6,15.02,45.32
"132","KTM-LMB-01","lmb_14",9,NA,NA,0.44,17.15,-25,15.47,47.27
"133","NTH-LMB-02","lmb_15",0,0.0599764819920251,0.195824733462119,0.451,12.0233636363636,-28.5364162400356,0.132985547654158,0.434201182842835
"134","NTH-LMB-02","lmb_15",3,0.06256643,0.197053271,0.428,12.54254545,-28.3970811,0.146183248,0.460404839
"135","NTH-LMB-02","lmb_15",6,NA,NA,0.427,12.44,-27.95,13.69,42.19
"136","NTH-LMB-02","lmb_15",9,NA,NA,0.454,12.85,-28.27,16.06,49.46
"137","PNE-LMB-01","lmb_16",0,0.063015371541991,0.208231380691425,0.446,12.394875,-25.2108016005219,0.141290070721953,0.466886503792433
"138","PNE-LMB-01","lmb_16",3,0.072230254,0.221562375,0.48,12.23354545,-24.81188723,0.150479696,0.461588282
"139","PNE-LMB-01","lmb_16",6,NA,NA,0.438,12.67,-24.92,14.47,45.78
"140","PNE-LMB-01","lmb_16",9,NA,NA,0.443,12.57,-25.28,13.35,41.88
"141","PNE-LMB-02","lmb_17",0,0.0644308638775514,0.221818033486829,0.463,12.99425,-24.4502921961035,0.139159533212854,0.479088625241531
"142","PNE-LMB-02","lmb_17",3,0.065797284,0.212571544,0.471,13.49554545,-23.74972216,0.139696993,0.451319626
"143","PNE-LMB-02","lmb_17",6,NA,NA,0.455,13.09,-23.52,12.9,39.31
"144","PNE-LMB-02","lmb_17",9,NA,NA,0.435,13.67,-23.98,15.87,49.9
"145","PNE-LMB-03","lmb_18",0,0.0650057285588666,0.214906571116169,0.462,12.636375,-24.1146844214051,0.140705040170707,0.465165738346685
"146","PNE-LMB-03","lmb_18",3,0.063008054,0.196377601,0.458,13.15063636,-23.36124606,0.13757217,0.428772056
"147","PNE-LMB-03","lmb_18",6,NA,NA,0.43,12.89,-23.55,14.6,45.89
"148","PNE-LMB-03","lmb_18",9,NA,NA,0.465,12.94,-23.54,15.84,50.08
"149","BVR-BBH-01","bbh_01",0,0.0609836952742686,0.1981932800842,0.441,10.4047272727273,-30.9198464315024,0.138285023297661,0.449417868671655
"150","BVR-BBH-01","bbh_01",3,0.064669657,0.216130629,0.473,10.54063636,-31.03572923,0.136722319,0.45693579
"151","BVR-BBH-01","bbh_01",6,NA,NA,0.448,10.55,-30.64,12.91,39.3
"152","BVR-BBH-01","bbh_01",9,NA,NA,0.453,10.61,-30.66,14.09,42.78
"153","TLV-BBH-01","bbh_02",0,0.0629584872674943,0.20411033106674,0.457,8.81645454545455,-28.429584934279,0.137764742379637,0.446630921371422
"154","TLV-BBH-01","bbh_02",3,0.067773037,0.21367512,0.475,8.421636364,-28.60203514,0.142680078,0.449842358
"155","TLV-BBH-01","bbh_02",6,NA,NA,0.454,8.86,-30.97,11.17,54.35
"156","TLV-BBH-01","bbh_02",9,NA,NA,0.467,9.13,-28.25,14.33,43.94
"157","TVL-BBH-02","bbh_03",0,NA,NA,NA,NA,NA,NA,NA
"158","TVL-BBH-02","bbh_03",3,0.066137953,0.199152124,0.461,8.133636364,-30.3439421,0.143466275,0.432000269
"159","TVL-BBH-02","bbh_03",6,NA,NA,0.476,7.83,-30.35,14.35,43.36
"160","TVL-BBH-02","bbh_03",9,NA,NA,0.425,8.51,-30.5,15.81,48.98
"161","PNE-BBH-01","bbh_04",0,0.0643929867026392,0.212006811164444,0.461,10.27925,-23.8543918239056,0.139681099138046,0.459884622916364
"162","PNE-BBH-01","bbh_04",3,0.060294079,0.184730224,0.43,9.707636364,-23.6895569,0.140218788,0.429605171
"163","PNE-BBH-01","bbh_04",6,NA,NA,0.457,10.86,-23.82,14.57,44.8
"164","PNE-BBH-01","bbh_04",9,NA,NA,0.432,10.4,-23.88,15.48,47.31
"165","PNE-BBH-02","bbh_05",0,0.0618165466133597,0.195408643539675,0.461,11.321125,-26.1076453301315,0.13409229200295,0.423879920910357
"166","PNE-BBH-02","bbh_05",3,0.065348674,0.197841246,0.45,11.43563636,-26.1494681,0.145219275,0.439647214
"167","PNE-BBH-02","bbh_05",6,NA,NA,0.44,11.46,-25.9,15.49,46.41
"168","PNE-BBH-02","bbh_05",9,NA,NA,0.437,11.6,-26.43,10.82,32.81
"169","NTH-BBH-01","bbh_06",0,0.0598616763150259,0.194005825601156,0.44,8.84309090909091,-29.751535216063,0.136049264352332,0.440922330911718
"170","NTH-BBH-01","bbh_06",3,0.061964056,0.191658667,0.44,8.843636364,-29.37218767,0.1408274,0.435587879
"171","NTH-BBH-01","bbh_06",6,NA,NA,0.438,9.31,-29.84,15.93,52.58
"172","NTH-BBH-01","bbh_06",9,NA,NA,0.445,9.4,-29.16,14.66,42.39
"173","SHW-BBH-01","bbh_07",0,0.0666605459086949,0.213786044568553,0.456,11.198125,-31.5387153230071,0.146185407694506,0.468829045106476
"174","SHW-BBH-01","bbh_07",3,0.061400884,0.187785568,0.44,11.27163636,-31.35876331,0.139547463,0.426785382
"175","SHW-BBH-01","bbh_07",6,NA,NA,0.451,10.93,-31.02,14.88,44.86
"176","SHW-BBH-01","bbh_07",9,NA,NA,0.437,11.23,-31.2,14.51,43.86
"177","KTM-BBH-01","bbh_08",0,0.0581706230075792,0.190041088112728,0.428,10.126875,-27.0706150780288,0.135912670578456,0.444021233908242
"178","KTM-BBH-01","bbh_08",3,0.066538524,0.200895468,0.455,10.21463636,-26.54615944,0.146238515,0.4415285
"179","KTM-BBH-01","bbh_08",6,NA,NA,0.435,9.75,-26.92,4.8,14.84
"180","KTM-BBH-01","bbh_08",9,NA,NA,0.43,10.66,-27.26,15.57,47.46
"181","KTM-BBH-02","bbh_09",0,0.061444405019657,0.20588779913868,0.456,11.63625,-28.2357086477273,0.13474650223609,0.451508331444474
"182","KTM-BBH-02","bbh_09",3,0.065914638,0.20325999,0.485,12.03563636,-27.9699273,0.13590647,0.419092762
"183","KTM-BBH-02","bbh_09",6,NA,NA,0.439,11.59,-28.09,13.13,39.58
"184","KTM-BBH-02","bbh_09",9,NA,NA,0.455,12.3,-28.36,15.17,46.14
"185","KTM-BBH-03","bbh_10",0,0.0598969712519415,0.197463713839711,0.431,12.021875,-25.8311755711351,0.13897209107179,0.458152468305594
"186","KTM-BBH-03","bbh_10",3,0.06350493,0.19165979,0.456,12.19263636,-25.82445908,0.139265196,0.420306557
"187","KTM-BBH-03","bbh_10",6,NA,NA,0.446,12.26,-25.66,14.27,43.26
"188","KTM-BBH-03","bbh_10",9,NA,NA,0.452,12.55,-25.76,12.76,38.42
"189","WLD-BBH-04","bbh_11",0,0.0639315292149851,0.217199739695764,0.466,13.907875,-32.1027191040826,0.137192122778938,0.466093862008078
"190","WLD-BBH-04","bbh_11",3,0.071948705,0.271351921,0.481,14.06136364,-32.59902509,0.149581506,0.564141207
"191","WLD-BBH-04","bbh_11",6,NA,NA,0.45,14.05,-31.5,14.11,43.33
"192","WLD-BBH-04","bbh_11",9,NA,NA,0.462,14.1,-30.64,18.26,56.59
"193","WLD-BBH-03","bbh_12",0,0.0612808486552259,0.204422669242162,0.447,13.551375,-33.0430795970265,0.137093621152631,0.457321407700587
"194","WLD-BBH-03","bbh_12",3,0.078734782,0.206317153,0.442,13.35536364,-32.44898113,0.178132992,0.466780888
"195","WLD-BBH-03","bbh_12",6,NA,NA,0.46,13.73,-32.53,13.9,41.18
"196","WLD-BBH-03","bbh_12",9,NA,NA,0.433,13.73,-32.42,15.46,47.33
"197","SHC-BBH-01","bbh_13",0,0.0608578293340582,0.197124607064739,0.453,10.9880909090909,-24.9439053658278,0.134343994114919,0.435153657979557
"198","SHC-BBH-02","bbh_13",3,0.076063345,0.218381249,0.475,10.78436364,-25.40017539,0.160133359,0.459749999
"199","SHC-BBH-03","bbh_13",6,NA,NA,0.44,11.02,-24.88,15.51,46.82
"200","SHC-BBH-01","bbh_13",9,NA,NA,0.446,11.41,-25.21,15.07,45.77
"201","SHC-BBH-02","bbh_14",0,0.061461845,0.202591362,0.459,10.7492,-25.19539331,0.133903801,0.441375517
"202","SHC-BBH-02","bbh_14",3,0.078812636,0.215115736,0.452,10.56336364,-25.17025344,0.17436424,0.47591977
"203","SHC-BBH-02","bbh_14",6,NA,NA,0.456,10.48,-25.18,13.75,41.31
"204","SHC-BBH-02","bbh_14",9,NA,NA,0.444,10.98,-24.97,14.86,44.66
"205","SHC-BBH-03","bbh_15",0,0.0570070408762813,0.192589147375167,4.4,11.1463636363636,-25.9950320411113,0.0129561456537003,0.0437702607670835
"206","SHC-BBH-03","bbh_15",3,0.071410699,0.239733275,0.47,10.56836364,-26.31789573,0.151937657,0.510070798
"207","SHC-BBH-03","bbh_15",6,NA,NA,0.423,11.01,-28.02,9.11,58.08
"208","SHC-BBH-03","bbh_15",9,NA,NA,0.447,11.04,-26.03,15.41,46.95
"209","SHC-BBH-04","bbh_16",0,0.0606580627811456,0.195507066256818,0.45,11.4550909090909,-23.6900982279013,0.134795695069212,0.434460147237374
"210","SHC-BBH-04","bbh_16",3,0.074802576,0.198512672,0.464,10.66736364,-23.7865616,0.161212448,0.427829035
"211","SHC-BBH-04","bbh_16",6,NA,NA,0.436,11.25,-23.45,14.35,42.76
"212","SHC-BBH-04","bbh_16",9,NA,NA,0.47,11.41,-23.8,15.42,46.59
"213","SHC-BBH-05","bbh_17",0,0.063272811029736,0.205636645897621,0.463,10.7503636363636,-25.5864675497817,0.136658339157097,0.444139623968944
"214","SHC-BBH-05","bbh_17",3,0.084064875,0.228310722,0.469,10.78836364,-25.69530033,0.179242803,0.486803245
"215","SHC-BBH-05","bbh_17",6,NA,NA,0.465,10.89,-25.6,9.87,29.62
"216","SHC-BBH-05","bbh_17",9,NA,NA,0.454,11.25,-25.77,15.03,45.39
"217","SHC-BBH-06","bbh_18",0,0.0608123160789514,0.196480476822763,0.45,10.6030909090909,-24.4130884353226,0.135138480175447,0.436623281828363
"218","SHC-BBH-06","bbh_18",3,0.079150778,0.225365017,0.447,10.52836364,-24.34692052,0.177071093,0.504172297
"219","SHC-BBH-06","bbh_18",6,NA,NA,0.455,10.78,-24.63,13.41,42.91
"220","SHC-BBH-06","bbh_18",9,NA,NA,0.441,11.1,-24.85,14.79,50.7
"221","PNE-BGL-01","bgl_01",0,0.0608404681627683,0.199628152384637,0.449,10.638875,-21.7534776836769,0.135502156264517,0.444606130032598
"222","PNE-BGL-01","bgl_01",3,0.073293138,0.197670767,0.45,10.87136364,-21.10245522,0.16287364,0.439268371
"223","PNE-BGL-01","bgl_01",6,NA,NA,0.461,11.06,-21.33,11.8,35.43
"224","PNE-BGL-01","bgl_01",9,NA,NA,0.45,11.01,-21.23,15.2,46.21
"225","PNE-BGL-02","bgl_02",0,0.0643502828203044,0.212100107025317,0.467,10.8580714811058,-24.8961078604673,0.13779503815911,0.454175818041363
"226","PNE-BGL-02","bgl_02",3,0.079573746,0.213210372,0.47,10.97036364,-23.74091749,0.169305843,0.453639089
"227","PNE-BGL-02","bgl_02",6,NA,NA,0.455,11.04,-24.32,12.48,37.89
"228","PNE-BGL-02","bgl_02",9,NA,NA,0.464,11.37,-24.21,15.31,46.36
"229","PNE-BGL-03","bgl_03",0,0.06227642928877,0.210488645657146,0.455,10.693950126807,-21.9186121439,0.136871273162132,0.462612408037684
"230","PNE-BGL-03","bgl_03",3,0.073667302,0.201175173,0.43,10.71236364,-20.98671397,0.171319307,0.46784924
"231","PNE-BGL-03","bgl_03",6,NA,NA,0.433,10.86,-21.35,14.48,44.06
"232","PNE-BGL-03","bgl_03",9,NA,NA,0.462,10.94,-21.21,15.64,47.44
"233","PNE-BGL-04","bgl_04",0,0.0652849618992214,0.210480462126889,0.46,11.362375,-22.0118482816767,0.141923830215699,0.457566222014975
"234","PNE-BGL-04","bgl_04",3,0.075618299,0.205278739,0.462,11.52636364,-21.33094768,0.163675973,0.444326274
"235","PNE-BGL-04","bgl_04",6,NA,NA,0.443,11.99,-21.81,14.86,45.11
"236","PNE-BGL-04","bgl_04",9,NA,NA,0.464,11.9,-21.57,15.68,47.27
"237","PNE-BGL-05","bgl_05",0,0.0604379579691417,0.209662969748299,0.447,11.09725,-22.0523363349897,0.135207959662509,0.469044675052122
"238","PNE-BGL-05","bgl_05",3,0.074911804,0.198566616,0.459,10.97436364,-21.26841077,0.163206544,0.432607006
"239","PNE-BGL-05","bgl_05",6,NA,NA,0.456,11.19,-21.66,15.26,46.77
"240","PNE-BGL-05","bgl_05",9,NA,NA,0.442,11.97,-23.82,14.78,44.27
"241","PNE-BGL-06","bgl_06",0,0.06088821657504,0.206025652261161,0.465,10.29525,-21.6419946344093,0.130942401236645,0.443065918841207
"242","PNE-BGL-06","bgl_06",3,0.074087946,0.199845849,0.446,10.30136364,-21.43118155,0.166116471,0.448084864
"243","PNE-BGL-06","bgl_06",6,NA,NA,0.441,10.58,-21.85,15.28,46.19
"244","PNE-BGL-06","bgl_06",9,NA,NA,0.45,10.86,-21.94,15.71,47.59
"245","PNE-BGL-07","bgl_07",0,0.0688383070656099,0.21924715883286,0.466,11.255125,-23.7041934066237,0.147721688981995,0.470487465306567
"246","PNE-BGL-07","bgl_07",3,0.085330292,0.229405006,0.465,11.31136364,-22.99773899,0.183506005,0.493344098
"247","PNE-BGL-07","bgl_07",6,NA,NA,0.444,11.4,-23.55,15.07,45.13
"248","PNE-BGL-07","bgl_07",9,NA,NA,0.444,11.46,-23.56,15.4,46.16
"249","PNE-BGL-08","bgl_08",0,0.0548540188029614,0.178402366306208,0.442,11.142125,-22.9500875183554,0.124104114938827,0.403625263136217
"250","PNE-BGL-08","bgl_08",3,0.074029846,0.19230338,0.445,10.94136364,-22.1634036,0.166359204,0.432142428
"251","PNE-BGL-08","bgl_08",6,NA,NA,0.465,11.17,-22.91,13.75,41.32
"252","PNE-BGL-08","bgl_08",9,NA,NA,0.445,11.42,-22.69,15.36,46.44
"253","PNE-BGL-09","bgl_09",0,0.0617385187282179,0.203115703426578,0.439,11.27825,-25.2733984227972,0.140634439016442,0.462678139923868
"254","PNE-BGL-09","bgl_09",3,0.084875951,0.232684005,0.474,11.22536364,-24.5698405,0.179063187,0.490894525
"255","PNE-BGL-09","bgl_09",6,NA,NA,0.464,11.53,-24.98,14.79,44.85
"256","PNE-BGL-09","bgl_09",9,NA,NA,0.46,11.63,-24.94,15.57,46.85
"257","PNE-BGL-10","bgl_10",0,0.0630345483737687,0.20652365859979,0.446,11.404875,-23.9719552659777,0.14133306810262,0.463057530492802
"258","PNE-BGL-10","bgl_10",3,0.071976593,0.186681689,0.443,11.25636364,-23.38926671,0.162475378,0.42140336
"259","PNE-BGL-10","bgl_10",6,NA,NA,0.434,11.45,-23.51,13.63,40.99
"260","PNE-BGL-10","bgl_10",9,NA,NA,0.466,11.84,-24.1,15.28,50.2
"261","PNE-BGL-11","bgl_11",0,0.0624170262902946,0.215773499954501,0.469,10.95825,-21.3778426683151,0.133085343902547,0.460071428474415
"262","PNE-BGL-11","bgl_11",3,0.075055892,0.200441155,0.452,10.47436364,-20.83390141,0.166052858,0.443453883
"263","PNE-BGL-11","bgl_11",6,NA,NA,0.451,11.01,-21.36,15.11,45.4
"264","PNE-BGL-11","bgl_11",9,NA,NA,0.45,11.33,-21.19,15.86,47.72
"265","PNE-BGL-12","bgl_12",0,0.0663886381124413,0.216786899289123,0.471,11.154875,-23.3668589609385,0.140952522531722,0.460269425242299
"266","PNE-BGL-12","bgl_12",3,0.084314705,0.226596086,0.457,11.15636364,-22.54552077,0.184496072,0.495833887
"267","PNE-BGL-12","bgl_12",6,NA,NA,0.448,11.17,-22.82,14.29,42.44
"268","PNE-BGL-12","bgl_12",9,NA,NA,0.452,11.46,-23.4,15.86,47.45
"269","CTG-BGL-01","bgl_13",0,0.0592628313053114,0.195375527640332,0.445,13.19925,-30.9660182327941,0.133174901809689,0.439046129528836
"270","CTG-BGL-01","bgl_13",3,0.076069155,0.201475716,0.446,12.94336364,-29.71706719,0.170558644,0.451739274
"271","CTG-BGL-01","bgl_13",6,NA,NA,0.454,13.3,-30.43,14.77,44.53
"272","CTG-BGL-01","bgl_13",9,NA,NA,0.448,13.64,-30.18,14.63,44.03
"273","CTG-BGL-02","bgl_14",0,0.0596435928334422,0.192929771983084,0.429,12.939875,-30.3752815504702,0.139029353924108,0.449719748212316
"274","CTG-BGL-02","bgl_14",3,0.076698959,0.199267882,0.445,12.73236364,-29.62838519,0.172357212,0.447792994
"275","CTG-BGL-02","bgl_14",6,NA,NA,0.443,12.85,-29.99,12.63,37.98
"276","CTG-BGL-02","bgl_14",9,NA,NA,0.447,12.84,-30.26,15.75,46.96
"277","CTG-BGL-03","bgl_15",0,0.0619075580056749,0.212791034284643,0.461,12.78625,-30.920261346791,0.134289713678254,0.461585757667339
"278","CTG-BGL-03","bgl_15",3,0.077914411,0.210655758,0.465,12.58936364,-29.75674627,0.167557873,0.453023135
"279","CTG-BGL-03","bgl_15",6,NA,NA,0.439,12.99,-30.32,15.22,46.5
"280","CTG-BGL-03","bgl_15",9,NA,NA,0.438,13.18,-30.23,13.85,41.38
"281","CTG-BGL-06","bgl_16",0,0.0664828227947199,0.216978698444866,0.47,12.934875,-30.2363621247665,0.141452814456851,0.461656805201842
"282","CTG-BGL-06","bgl_16",3,0.084400693,0.222993426,0.463,12.95636364,-29.70455731,0.182290913,0.481627269
"283","CTG-BGL-06","bgl_16",6,NA,NA,0.457,13.3,-30.39,15.45,46.84
"284","CTG-BGL-06","bgl_16",9,NA,NA,0.462,13.17,-30.35,15.69,47.26
"285","CTG-BGL-10","bgl_17",0,0.0636301229819167,0.209372455565067,0.467,12.755375,-29.6293339963341,0.136252940004104,0.44833502262327
"286","CTG-BGL-10","bgl_17",3,0.08059863,0.211143177,0.472,12.71536364,-28.50529879,0.170759809,0.447337239
"287","CTG-BGL-10","bgl_17",6,NA,NA,0.443,12.8,-29.02,13.82,41.61
"288","CTG-BGL-10","bgl_17",9,NA,NA,0.45,13.24,-28.69,12.06,35.91
"289","CTG-BGL-11","bgl_18",0,0.06128572933616,0.205236178143394,0.444,12.80325,-29.9556482368978,0.138030921928288,0.462243644467103
"290","CTG-BGL-11","bgl_18",3,0.078703408,0.209690553,0.465,12.49036364,-28.83584866,0.169254642,0.450947426
"291","CTG-BGL-11","bgl_18",6,NA,NA,0.459,12.7,-29.25,14.03,41.81
"292","CTG-BGL-11","bgl_18",9,NA,NA,0.442,13.16,-29.11,15.62,47.05
"293","PNE-SMB-06","smb_01",0,NA,NA,NA,NA,NA,NA,NA
"294","PNE-SMB-06","smb_01",3,0.070077525,0.177567153,0.45,11.31081818,-25.00720797,0.155727834,0.394593674
"295","PNE-SMB-06","smb_01",6,NA,NA,0.462,12.16,-24.17,9.25,27.46
"296","PNE-SMB-06","smb_01",9,NA,NA,0.437,12.02,-24.36,14.83,44.19
"297","PNE-SMB-07","smb_02",0,NA,NA,NA,NA,NA,NA,NA
"298","PNE-SMB-07","smb_02",3,0.068649283,0.183847974,0.471,11.57381818,-25.01746552,0.145752192,0.3903354
"299","PNE-SMB-07","smb_02",6,NA,NA,0.458,12.78,-24.47,14.72,44.4
"300","PNE-SMB-07","smb_02",9,NA,NA,0.436,12.8,-24.27,15.06,44.9
"301","PNE-SMB-08","smb_03",0,NA,NA,NA,NA,NA,NA,NA
"302","PNE-SMB-08","smb_03",3,0.058268556,0.156669629,0.458,11.33081818,-25.04568496,0.127223921,0.342073425
"303","PNE-SMB-08","smb_03",6,NA,NA,0.442,12.3,-25.39,11.01,33.74
"304","PNE-SMB-08","smb_03",9,NA,NA,0.452,12.48,-25.19,14.42,43.73
"305","SHC-SMB-01","smb_04",0,0.0557634386340849,0.214863899197202,0.452,13.1053636363636,-24.7135352206445,0.12337043945594,0.475362608843367
"306","SHC-SMB-01","smb_04",3,0.06174611,0.160419725,0.426,12.25381818,-24.52424398,0.144943921,0.376572125
"307","SHC-SMB-01","smb_04",6,NA,NA,0.455,13.61,-23.72,15.39,46.58
"308","SHC-SMB-01","smb_04",9,NA,NA,0.464,13.55,-23.6,14.41,43.76
"309","SHC-SMB-02","smb_05",0,0.055143475,0.200602034,0.447,12.6932,-24.18284038,0.123363479,0.448774125
"310","SHC-SMB-02","smb_05",3,0.06598323,0.165470661,0.469,11.65981818,-23.26268309,0.140689189,0.352815909
"311","SHC-SMB-02","smb_05",6,NA,NA,0.455,13.09,-23.29,13.78,41.66
"312","SHC-SMB-02","smb_05",9,NA,NA,0.467,12.82,-23.28,12.88,38.56
"313","SHC-SMB-03","smb_06",0,0.058410738,0.197665756,0.454,13.0682,-23.65572792,0.128658014,0.435387128
"314","SHC-SMB-03","smb_06",3,0.064239043,0.182239663,0.456,12.06481818,-23.53217307,0.140875093,0.399648384
"315","SHC-SMB-03","smb_06",6,NA,NA,0.449,13.26,-23.11,8.46,25.89
"316","SHC-SMB-03","smb_06",9,NA,NA,0.465,13.15,-24.17,12.79,47.8
"317","SHC-SMB-04","smb_07",0,NA,NA,NA,NA,NA,NA,NA
"318","SHC-SMB-04","smb_07",3,0.058093272,0.165985741,0.44,11.90581818,-23.0598351,0.132030163,0.377240321
"319","SHC-SMB-04","smb_07",6,NA,NA,0.439,13.23,-23.86,14.24,44.22
"320","SHC-SMB-04","smb_07",9,NA,NA,0.47,13.26,-23.69,15.64,48.75
"321","SHC-SMB-05","smb_08",0,0.0578863067190941,0.192110222073824,0.44,12.8594545454545,-24.4794701883843,0.131559787997941,0.436614141076872
"322","SHC-SMB-05","smb_08",3,0.052423581,0.164398454,0.435,11.72481818,-23.52342294,0.12051398,0.377927481
"323","SHC-SMB-05","smb_08",6,NA,NA,0.454,13.13,-23.9,14.55,44.03
"324","SHC-SMB-05","smb_08",9,NA,NA,0.462,13.21,-24,15.43,47.45
"325","SHC-SMB-06","smb_09",0,0.0635156603245085,0.208536173513937,0.46,13.1387272727273,-23.8359798962139,0.138077522444584,0.453339507638993
"326","SHC-SMB-06","smb_09",3,0.070369666,0.184321006,0.437,12.38881818,-23.45492346,0.161028983,0.421787199
"327","SHC-SMB-06","smb_09",6,NA,NA,0.466,13.61,-23.19,9.67,29.32
"328","SHC-SMB-06","smb_09",9,NA,NA,0.431,13.84,-23.04,15.37,46.51
"329","SHC-SMB-07","smb_10",0,0.0607506529591292,0.200332720459692,0.453,13.0040909090909,-25.2078135545396,0.134107401675782,0.442235586003735
"330","SHC-SMB-07","smb_10",3,0.072548818,0.188525739,0.459,12.38881818,-24.84620343,0.158058426,0.410731458
"331","SHC-SMB-07","smb_10",6,NA,NA,0.442,13.68,-24.54,15.48,46.75
"332","SHC-SMB-07","smb_10",9,NA,NA,0.433,13.79,-24.63,15.63,47.23
"333","SHC-SMB-08","smb_11",0,0.0571916990391036,0.193916439824022,0.441,13.2063636363636,-23.9531039998345,0.12968639237892,0.439719818195062
"334","SHC-SMB-08","smb_11",3,0.077056438,0.190796295,0.473,12.23781818,-23.75446089,0.162910016,0.403374832
"335","SHC-SMB-08","smb_11",6,NA,NA,0.443,13.68,-23.39,14.71,44.87
"336","SHC-SMB-08","smb_11",9,NA,NA,0.443,13.69,-23.14,13.9,42.09
"337","PNE-SMB-02","smb_12",0,0.0554393541628743,0.205414101864266,0.462,12.53125,-25.3897067533988,0.119998602084144,0.444619268104472
"338","PNE-SMB-02","smb_12",3,0.068292222,0.19882208,0.469,11.86781818,-24.63652993,0.145612413,0.423927676
"339","PNE-SMB-02","smb_12",6,NA,NA,0.42,12.99,-24.25,14.83,47.36
"340","PNE-SMB-02","smb_12",9,NA,NA,0.467,13,-23.77,15.48,47.22
"341","PNE-SMB-03","smb_13",0,0.0639080973759804,0.218647915473349,0.461,11.85225,-24.9515650121692,0.138629278472843,0.474290489096201
"342","PNE-SMB-03","smb_13",3,NA,NA,NA,NA,NA,NA,NA
"343","PNE-SMB-03","smb_13",6,NA,NA,0.454,12.23,-24.62,10.45,33.05
"344","PNE-SMB-03","smb_13",9,NA,NA,0.448,12.24,-25.06,14.86,49.1
"345","PNE-SMB-04","smb_14",0,0.0595547943763837,0.197924755882116,0.431,12.004875,-25.5369470984564,0.138178177207387,0.459222171420224
"346","PNE-SMB-04","smb_14",3,NA,NA,0.433,12.63,-24.79,13.91,42.2
"347","PNE-SMB-04","smb_14",6,NA,NA,0.44,12.57,-24.85,11.1,34.12
"348","PNE-SMB-04","smb_14",9,NA,NA,0.467,12.77,-24.77,14.7,44.42
"349","PNE-SMB-05","smb_15",0,0.0625048989324859,0.207332237273713,0.446,12.3133051864063,-24.9861509421953,0.140145513301538,0.464870487160791
"350","PNE-SMB-05","smb_15",3,NA,NA,0.434,12.54,-24.19,15.89,47.22
"351","PNE-SMB-05","smb_15",6,NA,NA,0.46,12.81,-23.7,13.96,42.21
"352","PNE-SMB-05","smb_15",9,NA,NA,0.444,12.84,-23.82,15.36,46.36
"353","SHC-PKS-01","pks_01",0,0.0631354587364795,0.203079798605412,0.446,11.3217272727273,-24.1625346908803,0.141559324521255,0.455335871312582
"354","SHC-PKS-01","pks_01",3,0.065449166,0.199404864,0.435,11.85563636,-23.83147075,0.150457852,0.458401986
"355","SHC-PKS-01","pks_01",6,NA,NA,0.433,11.62,-24.15,14.77,45.26
"356","SHC-PKS-01","pks_01",9,NA,NA,0.444,11.81,-24.03,15.58,47.31
"357","SHC-PKS-02","pks_02",0,0.0576757935200549,0.188656100268747,0.45,11.2117272727273,-23.2354355269857,0.128168430044567,0.419235778374994
"358","SHC-PKS-02","pks_02",3,0.064938333,0.196673026,0.425,11.73763636,-22.85591874,0.152796077,0.462760062
"359","SHC-PKS-02","pks_02",6,NA,NA,0.444,11.24,-23.14,15.53,45.17
"360","SHC-PKS-02","pks_02",9,NA,NA,0.434,11.71,-23.03,14.14,42.75
"361","SHC-PKS-03","pks_03",0,0.0619578693821172,0.206768035778856,0.454,10.9137272727273,-22.5096696427251,0.136471077934179,0.455436202156071
"362","SHC-PKS-03","pks_03",3,0.0622432,0.190474721,0.428,11.01863636,-22.21544144,0.145428037,0.445034394
"363","SHC-PKS-03","pks_03",6,NA,NA,0.447,10.99,-22.3,11.97,36.2
"364","SHC-PKS-03","pks_03",9,NA,NA,0.441,11.61,-22.33,15.42,46.54
"365","SHC-PKS-04","pks_04",0,0.0635263157514486,0.204979383682801,0.453,11.1900909090909,-24.916463337497,0.140234692608054,0.452493120712584
"366","SHC-PKS-04","pks_04",3,0.068937765,0.206601773,0.48,11.46563636,-24.60645241,0.143620343,0.43042036
"367","SHC-PKS-04","pks_04",6,NA,NA,0.457,10.55,-24.45,12.5,36.67
"368","SHC-PKS-04","pks_04",9,NA,NA,0.449,11.4,-24.55,15.49,46.57
"369","SHC-PKS-05","pks_05",0,0.0584398951551405,0.203985237087476,0.457,11.1737272727273,-22.647517904372,0.12787723228696,0.446357192751589
"370","SHC-PKS-05","pks_05",3,0.064943916,0.196568561,0.445,11.52663636,-22.10358051,0.145941383,0.441727102
"371","SHC-PKS-05","pks_05",6,NA,NA,0.458,11.36,-22.09,14.83,44.72
"372","SHC-PKS-05","pks_05",9,NA,NA,0.44,11.79,-22.15,15.77,47.47
"373","SHC-PKS-06","pks_06",0,0.0622312149682778,0.205673649640401,0.456,10.8313636363636,-24.7955461324619,0.136471962649732,0.451038705351756
"374","SHC-PKS-06","pks_06",3,0.061748418,0.190763406,0.425,11.50663636,-24.73247647,0.145290394,0.448855073
"375","SHC-PKS-06","pks_06",6,NA,NA,0.454,11.2,-24.56,14.69,44.45
"376","SHC-PKS-06","pks_06",9,NA,NA,0.441,11.46,-24.65,15.99,47.79
"377","SHC-PKS-07","pks_07",0,0.0612910419154474,0.207991244058702,0.457,11.4274545454545,-24.0390872684327,0.134116065460498,0.455123072338516
"378","SHC-PKS-07","pks_07",3,0.062724723,0.191001543,0.435,11.86563636,-24.73797293,0.144194765,0.439084007
"379","SHC-PKS-07","pks_07",6,NA,NA,0.465,11.91,-24.85,11.1,33.09
"380","SHC-PKS-07","pks_07",9,NA,NA,0.439,12.01,-24.93,15.8,47.58
"381","SHC-PKS-08","pks_08",0,0.0613539364792711,0.197328816108229,0.449,11.1873636363636,-22.8773911653231,0.136645738261183,0.439485113826792
"382","SHC-PKS-08","pks_08",3,0.059760914,0.184164086,0.415,11.80663636,-25.75816945,0.144002203,0.443768882
"383","SHC-PKS-08","pks_08",6,NA,NA,0.471,11.84,-25.83,15.13,45.24
"384","SHC-PKS-08","pks_08",9,NA,NA,0.445,12.05,-25.79,15.65,47.15
"385","SHC-PKS-09","pks_09",0,0.0604157261493546,0.193141728186166,0.44,11.4700909090909,-21.4931424070265,0.13730846852126,0.438958473150378
"386","SHC-PKS-09","pks_09",3,0.06536612,0.198083877,0.465,11.54463636,-23.6321393,0.140572302,0.425986831
"387","SHC-PKS-09","pks_09",6,NA,NA,0.463,12,-23.46,15.14,45.6
"388","SHC-PKS-09","pks_09",9,NA,NA,0.46,11.99,-23.65,15.43,46.42
"389","SHC-PKS-10","pks_10",0,0.0630481751034301,0.205762872429012,0.452,11.6037272727273,-23.6986689240477,0.139487113060686,0.455227593869495
"390","SHC-PKS-10","pks_10",3,0.067940524,0.204138401,0.455,11.42063636,-21.48109444,0.149319832,0.448655827
"391","SHC-PKS-10","pks_10",6,NA,NA,0.459,11.96,-21.25,11.82,35.94
"392","SHC-PKS-10","pks_10",9,NA,NA,0.468,11.92,-21.23,12.5,37.9
"393","SHC-PKS-11","pks_11",0,0.060129399,0.198092985,0.46,11.4762,-25.89128099,0.130716086,0.430636923
"394","SHC-PKS-11","pks_11",3,0.066567834,0.200219248,0.465,11.77363636,-22.76672325,0.143156633,0.430579028
"395","SHC-PKS-11","pks_11",6,NA,NA,0.459,11.82,-22.82,14.6,44.28
"396","SHC-PKS-11","pks_11",9,NA,NA,0.437,11.9,-22.97,15.96,47.99
"397","SHC-PKS-12","pks_12",0,0.0601363580673346,0.194004149317351,0.441,11.6363636363636,-24.9187167450792,0.136363623735452,0.439918705935036
"398","SHC-PKS-12","pks_12",3,0.068135226,0.203628428,0.452,11.84963636,-23.69849018,0.150741651,0.450505373
"399","SHC-PKS-12","pks_12",6,NA,NA,0.455,11.41,-23.67,14.92,44.58
"400","SHC-PKS-12","pks_12",9,NA,NA,0.441,12.17,-23.85,14.68,44.08
"401","BVR-PKS-01","pks_13",0,0.061943369,0.199023785,0.451,9.7992,-27.66734395,0.137346716,0.441294423
"402","BVR-PKS-01","pks_13",3,0.064833654,0.196967328,0.457,9.848636364,-27.28079987,0.141867951,0.431000718
"403","BVR-PKS-01","pks_13",6,NA,NA,0.452,10.16,-27.29,14.64,44.35
"404","BVR-PKS-01","pks_13",9,NA,NA,0.461,10.14,-27.28,15.82,47.6
"405","BVR-PKS-02","pks_14",0,0.063739896,0.196535289,0.445,10.2792,-28.73190254,0.143235722,0.441652335
"406","BVR-PKS-02","pks_14",3,0.064963456,0.198032205,0.446,10.48263636,-28.33099577,0.145657972,0.444018398
"407","BVR-PKS-02","pks_14",6,NA,NA,0.455,10.48,-28.51,15,45.85
"408","BVR-PKS-02","pks_14",9,NA,NA,0.437,10.53,-28.45,15.67,46.72
"409","BVR-PKS-03","pks_15",0,0.064320466,0.201340508,0.452,8.8222,-28.8612935,0.142301917,0.445443601
"410","BVR-PKS-03","pks_15",3,0.071829694,0.212868599,0.483,9.101636364,-28.54752457,0.148715722,0.440721737
"411","BVR-PKS-03","pks_15",6,NA,NA,448,9.07,-28.62,0.01,0.04
"412","BVR-PKS-03","pks_15",9,NA,NA,0.45,9.11,-28.69,15.73,47.27
"413","BVR-PKS-06","pks_16",0,0.061988843,0.201987957,0.453,9.0822,-29.13237092,0.136840713,0.44588953
"414","BVR-PKS-06","pks_16",3,0.066490372,0.20083481,0.46,9.223636364,-28.70377777,0.144544287,0.436597413
"415","BVR-PKS-06","pks_16",6,NA,NA,0.446,9.88,-28.44,14.31,43.58
"416","BVR-PKS-06","pks_16",9,NA,NA,0.447,9.64,-28.92,15.01,45.99
"417","BVR-PKS-07","pks_17",0,0.062365715,0.200406771,0.452,9.8192,-27.48489457,0.137977245,0.443377813
"418","BVR-PKS-07","pks_17",3,0.066091894,0.198748863,0.462,9.781636364,-27.16082704,0.143056048,0.430192345
"419","BVR-PKS-07","pks_17",6,NA,NA,0.43,10.11,-27.18,15.03,45.76
"420","BVR-PKS-07","pks_17",9,NA,NA,0.433,10.43,-27.45,15.47,47.32
"421","BVR-PKS-12","pks_18",0,0.065381937,0.200320151,0.454,9.2382,-29.0437262,0.144013078,0.441233813
"422","BVR-PKS-12","pks_18",3,0.065101632,0.195453135,0.46,9.082636364,-28.78017775,0.141525286,0.42489812
"423","BVR-PKS-12","pks_18",6,NA,NA,0.437,9.74,-28.7,13.67,40.76
"424","BVR-PKS-12","pks_18",9,NA,NA,0.443,9.58,-28.97,16.05,49.11
"425","WLD-RBT-11","rbt_01",0,0.0576038780120028,0.221461100119956,0.458,14.06025,-38.4712702639131,0.125772659414853,0.483539519912568
"426","WLD-RBT-11","rbt_01",3,0.06074819,0.233895809,0.467,14.06736364,-37.93732207,0.130081777,0.500847557
"427","WLD-RBT-11","rbt_01",6,NA,NA,0.42,14.09,-39.98,11.3,52.48
"428","WLD-RBT-11","rbt_01",9,NA,NA,0.436,14.25,-37.13,14.92,49.82
"429","MTA-RBT-12","rbt_02",0,0.0498979438704234,0.224250169663587,0.445,16.5830909090909,-36.6613881097886,0.112130210944772,0.50393296553615
"430","MTA-RBT-12","rbt_02",3,0.069430651,0.230589838,0.435,15.33936364,-35.01078093,0.159610693,0.530091582
"431","MTA-RBT-12","rbt_02",6,NA,NA,0.451,15.41,-35.11,12.43,43.12
"432","MTA-RBT-12","rbt_02",9,NA,NA,0.457,15.56,-37.23,11.44,54.44
"433","WLD-RBT-08","rbt_03",0,0.055556830256301,0.240676663528999,0.471,14.362875,-40.5381009612965,0.11795505362272,0.510990793055199
"434","WLD-RBT-08","rbt_03",3,NA,NA,NA,NA,NA,NA,NA
"435","WLD-RBT-08","rbt_03",6,NA,NA,0.44,14.83,-37.02,15.09,48.98
"436","WLD-RBT-08","rbt_03",9,NA,NA,0.44,14.98,-39.3,12.19,55.49
"437","WLD-RBT-10","rbt_04",0,0.0571741823062361,0.214911689762335,0.436,14.655875,-39.6204833901922,0.131133445656505,0.492916719638383
"438","WLD-RBT-10","rbt_04",3,NA,NA,NA,NA,NA,NA,NA
"439","WLD-RBT-10","rbt_04",6,NA,NA,0.451,14.73,-37.16,12.25,37.66
"440","WLD-RBT-10","rbt_04",9,NA,NA,0.461,15.05,-38.4,14.07,49.27
"441","STR-RBT-01","rbt_05",0,0.060363621,0.205244289,0.446,9.8662,-20.40113591,0.135344441,0.460188989
"442","STR-RBT-01","rbt_05",3,0.060720372,0.179164952,0.435,9.791818182,-22.64804337,0.139587063,0.411873453
"443","STR-RBT-01","rbt_05",6,NA,NA,0.445,10.4,-20.72,10.32,32.97
"444","STR-RBT-01","rbt_05",9,NA,NA,0.47,10.59,-21.11,15.25,46.89
"445","STR-RBT-02","rbt_06",0,0.063453349,0.207406858,0.449,10.0422,-20.55550979,0.14132149,0.461930641
"446","STR-RBT-02","rbt_06",3,0.061945198,0.190953973,0.452,9.452818182,-21.4813056,0.137046899,0.422464542
"447","STR-RBT-02","rbt_06",6,NA,NA,0.442,10.15,-21.21,13.1,50.24
"448","STR-RBT-02","rbt_06",9,NA,NA,0.434,10.66,-21.23,13.26,52.48
"449","STR-RBT-03","rbt_07",0,0.062117166,0.199935499,0.45,12.0382,-30.35040415,0.138038147,0.444301109
"450","STR-RBT-03","rbt_07",3,0.074481273,0.190580803,0.476,11.10581818,-29.66160554,0.156473263,0.400379838
"451","STR-RBT-03","rbt_07",6,NA,NA,0.442,12.42,-30.33,11.97,35.36
"452","STR-RBT-03","rbt_07",9,NA,NA,0.439,12.44,-30.01,15.87,47.08
"453","STR-RBT-04","rbt_08",0,0.057237763,0.208086606,0.449,9.9272,-20.56743412,0.127478313,0.463444557
"454","STR-RBT-04","rbt_08",3,0.070045065,0.176179591,0.475,9.743818182,-25.51491629,0.147463295,0.370904403
"455","STR-RBT-04","rbt_08",6,NA,NA,0.447,10.91,-25.65,14.41,45.7
"456","STR-RBT-04","rbt_08",9,NA,NA,0.47,11.06,-25.48,15.26,46.75
"457","STR-RBT-05","rbt_09",0,0.060847014,0.206132513,0.445,9.9522,-20.11403751,0.136734862,0.463219131
"458","STR-RBT-05","rbt_09",3,0.071066475,0.200180734,0.458,9.292818182,-20.50718628,0.155166976,0.437075839
"459","STR-RBT-05","rbt_09",6,NA,NA,0.433,10.27,-21.29,11.26,46.53
"460","STR-RBT-05","rbt_09",9,NA,NA,0.451,10.38,-19.59,14.9,47.33
"461","STR-RBT-06","rbt_10",0,0.064908511,0.208519707,0.453,10.4082,-23.01532856,0.143285897,0.460308404
"462","STR-RBT-06","rbt_10",3,0.072196085,0.183516851,0.452,9.507818182,-22.30557132,0.159725852,0.406010732
"463","STR-RBT-06","rbt_10",6,NA,NA,0.453,10.8,-22.56,10.06,31.34
"464","STR-RBT-06","rbt_10",9,NA,NA,0.458,10.78,-22.67,15.19,48.89
"465","STR-RBT-07","rbt_11",0,0.055698505,0.216667878,0.456,9.9252,-20.29985555,0.122145844,0.475148856
"466","STR-RBT-07","rbt_11",3,0.059618894,0.196004909,0.441,9.249818182,-20.15625649,0.135190237,0.444455575
"467","STR-RBT-07","rbt_11",6,NA,NA,0.45,10.19,-19.81,13.57,47.92
"468","STR-RBT-07","rbt_11",9,NA,NA,0.463,10.25,-20.04,13.66,52.11
"469","WLD-RBT-05","rbt_12",0,0.0595794053377253,0.202326271762542,0.461,11.60725,-31.7398332105388,0.129239490971205,0.43888562204456
"470","WLD-RBT-05","rbt_12",3,0.058658077,0.185314374,0.44,10.75781818,-32.44985979,0.13331381,0.421169033
"471","WLD-RBT-05","rbt_12",6,NA,NA,0.467,11.92,-31.04,14.59,44.63
"472","WLD-RBT-05","rbt_12",9,NA,NA,0.438,12.23,-32.47,14.45,49.99
"473","WLD-RBT-06","rbt_13",0,0.049581788106036,0.232500361400046,0.454,14.5691658255136,-42.1735475201388,0.109210987017701,0.512115333480278
"474","WLD-RBT-06","rbt_13",3,0.053750116,0.210965875,0.453,13.24381818,-38.74115586,0.118653677,0.465708334
"475","WLD-RBT-06","rbt_13",6,NA,NA,0.461,14.6,-39.27,12.2,52.75
"476","WLD-RBT-06","rbt_13",9,NA,NA,0.442,14.93,-38.55,13.25,49.96
"477","WLD-RBT-07","rbt_14",0,0.0540037742397871,0.222785356477049,0.445,14.69525,-38.9523329807863,0.121356796044465,0.500641250510223
"478","WLD-RBT-07","rbt_14",3,0.049517324,0.21255579,0.452,14.02881818,-39.3401924,0.109551602,0.470256173
"479","WLD-RBT-07","rbt_14",6,NA,NA,0.447,15.06,-38.67,13.71,52.13
"480","WLD-RBT-07","rbt_14",9,NA,NA,0.454,15.13,-39.74,12.54,52.51
"481","SHW-RBT-06","rbt_15",0,0.0525388237006795,0.239896105883986,0.46,8.585875,-22.3401655648693,0.114214834131912,0.52151327366084
"482","SHW-RBT-06","rbt_15",3,0.062271963,0.206490462,0.47,8.035818182,-23.28278673,0.132493538,0.439341409
"483","SHW-RBT-06","rbt_15",6,NA,NA,0.475,8.58,-21.82,10.77,49.43
"484","SHW-RBT-06","rbt_15",9,NA,NA,0.437,9.06,-21.97,11.7,55.08
"485","SHW-RBT-05","rbt_16",0,0.0524311356737802,0.232303593486975,0.469,8.15025,-21.9709140399909,0.111793466255395,0.495316830462633
"486","SHW-RBT-05","rbt_16",3,0.055643619,0.221674805,0.48,7.432818182,-23.08580351,0.115924207,0.461822511
"487","SHW-RBT-05","rbt_16",6,NA,NA,0.459,8.58,-21.52,11.83,37.31
"488","SHW-RBT-05","rbt_16",9,NA,NA,0.43,8.86,-21.38,12.58,49.6
"489","SHW-RBT-07","rbt_17",0,0.0527054526609988,0.218512983562483,0.434,8.050875,-22.0292591178036,0.121441135163592,0.503486137240745
"490","SHW-RBT-07","rbt_17",3,0.063812734,0.233492734,0.48,7.325818182,-23.21960439,0.132943196,0.486443196
"491","SHW-RBT-07","rbt_17",6,NA,NA,0.438,8.29,-21.74,12.97,50.5
"492","SHW-RBT-07","rbt_17",9,NA,NA,0.442,8.35,-21.15,14.6,48.29
"493","MTA-RBT-10","rbt_18",0,0.059089419147729,0.208385132097829,0.447,13.6580909090909,-30.8196421086743,0.132191094290221,0.466185977847493
"494","MTA-RBT-10","rbt_18",3,0.055344987,0.204887408,0.438,12.56781818,-31.08911237,0.126358417,0.46777947
"495","MTA-RBT-10","rbt_18",6,NA,NA,0.464,13.91,-31.29,13.49,50.58
"496","MTA-RBT-10","rbt_18",9,NA,NA,0.455,13.43,-29.22,15.77,50.05
"497","Onerka-LWA-01","nerka_01",0,0.067339177,0.272031996,0.5,12.6211,-30.79106347,0.134678354,0.544063992
"498","Onerka-LWA-01","nerka_01",3,0.081221314,0.224862668,0.464,13.08172727,-29.8611661,0.175045936,0.484617819
"499","Onerka-LWA-03","nerka_01",6,NA,NA,NA,NA,NA,NA,NA
"500","Onerka-LWA-01","nerka_01",9,NA,NA,NA,NA,NA,NA,NA
"501","Onerka-LWA-02","nerka_02",0,0.054462845,0.278707963,0.448,15.0951,-31.67653505,0.12156885,0.622115989
"502","Onerka-LWA-02","nerka_02",3,0.071780101,0.209205339,0.441,15.23472727,-29.89227935,0.162766668,0.474388524
"503","Onerka-LWA-02","nerka_02",6,NA,NA,NA,NA,NA,NA,NA
"504","Onerka-LWA-02","nerka_02",9,NA,NA,NA,NA,NA,NA,NA
"505","Onerka-LWA-03","nerka_03",0,0.069001634,0.252073746,0.457,11.4941,-22.20869704,0.150988258,0.55158369
"506","Onerka-LWA-03","nerka_03",3,0.076517643,0.216337319,0.491,11.50272727,-21.60149553,0.155840413,0.440605539
"507","Onerka-LWA-03","nerka_03",6,NA,NA,NA,NA,NA,NA,NA
"508","Onerka-LWA-03","nerka_03",9,NA,NA,NA,NA,NA,NA,NA
"509","Onerka-LWA-04","nerka_04",0,0.051399591,0.266831369,0.43,10.9731,-23.85610051,0.119533933,0.620538068
"510","Onerka-LWA-04","nerka_04",3,0.073934721,0.229939001,0.464,11.37872727,-22.09338117,0.159342071,0.495558191
"511","Onerka-LWA-04","nerka_04",6,NA,NA,NA,NA,NA,NA,NA
"512","Onerka-LWA-04","nerka_04",9,NA,NA,NA,NA,NA,NA,NA
"513","Onerka-LWA-05","nerka_05",0,0.071419904,0.265339144,0.467,14.3121,-28.92093592,0.152933414,0.568178038
"514","Onerka-LWA-05","nerka_05",3,0.084982066,0.233529074,0.475,14.63772727,-28.13723559,0.178909613,0.491640155
"515","Onerka-LWA-05","nerka_05",6,NA,NA,NA,NA,NA,NA,NA
"516","Onerka-LWA-05","nerka_05",9,NA,NA,NA,NA,NA,NA,NA
"517","Onerka-LWA-06","nerka_06",0,0.052556228,0.190719435,0.491,12.3521,-22.0120589,0.10703916,0.388430622
"518","Onerka-LWA-06","nerka_06",3,0.078927933,0.228392534,0.471,13.08772727,-20.99185855,0.167575229,0.484909839
"519","Onerka-LWA-06","nerka_06",6,NA,NA,NA,NA,NA,NA,NA
"520","Onerka-LWA-06","nerka_06",9,NA,NA,NA,NA,NA,NA,NA
"521","Onerka-LWA-07","nerka_07",0,0.076093116,0.271430462,0.488,11.8491,-22.5044402,0.155928517,0.556209964
"522","Onerka-LWA-07","nerka_07",3,0.072022659,0.198834207,0.42,11.46172727,-21.54885135,0.171482522,0.47341478
"523","Onerka-LWA-07","nerka_07",6,NA,NA,NA,NA,NA,NA,NA
"524","Onerka-LWA-07","nerka_07",9,NA,NA,NA,NA,NA,NA,NA
"525","Onerka-LWA-08","nerka_08",0,0.07133324,0.255891901,0.475,11.6941,-22.54312922,0.150175242,0.538719792
"526","Onerka-LWA-08","nerka_08",3,0.069172049,0.201292384,0.464,11.96072727,-21.74716348,0.149077691,0.433819793
"527","Onerka-LWA-08","nerka_08",6,NA,NA,NA,NA,NA,NA,NA
"528","Onerka-LWA-08","nerka_08",9,NA,NA,NA,NA,NA,NA,NA
"529","Onerka-LWA-09","nerka_09",0,0.064185092,0.227199807,0.436,11.3591,-22.0490228,0.147213514,0.521100474
"530","Onerka-LWA-09","nerka_09",3,0.073618957,0.206179494,0.455,11.69972727,-20.95039315,0.161799906,0.453141745
"531","Onerka-LWA-09","nerka_09",6,NA,NA,NA,NA,NA,NA,NA
"532","Onerka-LWA-09","nerka_09",9,NA,NA,NA,NA,NA,NA,NA
"533","Onerka-LWA-10","nerka_10",0,0.057836924,0.217157362,0.444,12.3491,-22.33827919,0.130263342,0.489093158
"534","Onerka-LWA-10","nerka_10",3,0.062415369,0.179206639,0.476,11.49272727,-20.58678746,0.131124725,0.376484536
"535","Onerka-LWA-10","nerka_10",6,NA,NA,NA,NA,NA,NA,NA
"536","Onerka-LWA-10","nerka_10",9,NA,NA,NA,NA,NA,NA,NA
"537","Onerka-LWA-11","nerka_11",0,0.069053299,0.256482882,0.465,11.3821,-22.3812168,0.148501719,0.551576089
"538","Onerka-LWA-11","nerka_11",3,0.064993921,0.193042269,0.47,11.52572727,-21.16914815,0.138284938,0.410728231
"539","Onerka-LWA-11","nerka_11",6,NA,NA,NA,NA,NA,NA,NA
"540","Onerka-LWA-11","nerka_11",9,NA,NA,NA,NA,NA,NA,NA
"541","Onerka-LWA-12","nerka_12",0,0.0587694,0.20859659,0.439,11.8571,-22.38378037,0.13387107,0.475163076
"542","Onerka-LWA-12","nerka_12",3,0.079225122,0.222714129,0.457,12.14172727,-21.26618192,0.173359129,0.48733945
"543","Onerka-LWA-12","nerka_12",6,NA,NA,NA,NA,NA,NA,NA
"544","Onerka-LWA-12","nerka_12",9,NA,NA,NA,NA,NA,NA,NA
"545","Onerka-LWA-13","nerka_13",0,0.059886037,0.24051797,0.481,12.4391,-22.70335296,0.124503196,0.50003736
"546","Onerka-LWA-13","nerka_13",3,0.072657464,0.210887702,0.44,11.80472727,-21.31311935,0.165130599,0.479290232
"547","Onerka-LWA-13","nerka_13",6,NA,NA,NA,NA,NA,NA,NA
"548","Onerka-LWA-13","nerka_13",9,NA,NA,NA,NA,NA,NA,NA
"549","Onerka-LWA-14","nerka_14",0,0.060241028,0.225483853,0.434,11.5651,-22.03967289,0.138804212,0.519548048
"550","Onerka-LWA-14","nerka_14",3,0.081544726,0.230809426,0.472,12.03372727,-20.67202803,0.17276425,0.48900302
"551","Onerka-LWA-14","nerka_14",6,NA,NA,NA,NA,NA,NA,NA
"552","Onerka-LWA-14","nerka_14",9,NA,NA,NA,NA,NA,NA,NA
"553","Onerka-LWA-15","nerka_15",0,0.065016737,0.251282255,0.451,15.3531,-30.20042546,0.14416128,0.557166862
"554","Onerka-LWA-15","nerka_15",3,0.061311837,0.195116839,0.48,16.71972727,-29.64109296,0.127732993,0.406493414
"555","Onerka-LWA-15","nerka_15",6,NA,NA,NA,NA,NA,NA,NA
"556","Onerka-LWA-15","nerka_15",9,NA,NA,NA,NA,NA,NA,NA
"557","Onerka-LWA-16","nerka_16",0,0.073359854,0.257814698,0.469,11.8221,-22.10072636,0.156417599,0.549711509
"558","Onerka-LWA-16","nerka_16",3,0.065816654,0.193928176,0.428,11.72172727,-21.62971296,0.153777228,0.453103214
"559","Onerka-LWA-16","nerka_16",6,NA,NA,NA,NA,NA,NA,NA
"560","Onerka-LWA-16","nerka_16",9,NA,NA,NA,NA,NA,NA,NA
"561","Onerka-LWA-17","nerka_17",0,0.070273267,0.282804723,0.488,11.8231,-22.27755487,0.144002597,0.579517875
"562","Onerka-LWA-17","nerka_17",3,0.072511054,0.225079414,0.464,12.44572727,-21.6316943,0.156273824,0.485084945
"563","Onerka-LWA-17","nerka_17",6,NA,NA,NA,NA,NA,NA,NA
"564","Onerka-LWA-17","nerka_17",9,NA,NA,NA,NA,NA,NA,NA
"565","Onerka-LWA-18","nerka_18",0,0.073035696,0.251244263,0.475,11.2401,-21.44300158,0.153759359,0.528935291
"566","Onerka-LWA-18","nerka_18",3,0.076141786,0.225764057,0.48,12.32272727,-21.36363403,0.158628721,0.470341785
"567","Onerka-LWA-18","nerka_18",6,NA,NA,NA,NA,NA,NA,NA
"568","Onerka-LWA-18","nerka_18",9,NA,NA,NA,NA,NA,NA,NA
